{"lin reg": {"all": {"mad": 121.69646783601348, "mse": 12805595.63947812, "mape": 313.55672172720807, "kappa": 0.33308567716574, "f1_micro": 0.17508040180473597, "f1_macro": 0.1419694164977031, "auc": NaN, "recall": 0.17508040180473597, "accuracy": 0.17508040180473597}, "windsor": {"mad": 73.21068007715726, "mse": 97838.17361384851, "mape": 198.26192276791042, "kappa": 0.23949249917970505, "f1_micro": 0.1694265603003285, "f1_macro": 0.1272658823873985, "auc": NaN, "recall": 0.1694265603003285, "accuracy": 0.1694265603003285}, ">60": {"mad": 83.97524326305862, "mse": 133824.10670844474, "mape": 183.34223212171094, "kappa": 0.16965415869950962, "f1_micro": 0.14267752209446716, "f1_macro": 0.11446905158056153, "auc": NaN, "recall": 0.14267752209446716, "accuracy": 0.14267752209446716}, "remain": {"mad": 87.0205359306273, "mse": 230469.0063171223, "mape": 285.86543762316967, "kappa": 0.05807461700038641, "f1_micro": 0.11049083631767433, "f1_macro": 0.09233586807810254, "auc": NaN, "recall": 0.11049083631767433, "accuracy": 0.11049083631767433}}, "phys (reg-full)": {"all": {"mad": 78.55369441133473, "mse": 17492.77642247728, "mape": 99.69726720289964, "kappa": 0.35237879856848875, "f1_micro": 0.21302910974816466, "f1_macro": 0.1417724739486683, "auc": NaN, "recall": 0.21302910974816466, "accuracy": 0.21302910974816466}, "windsor": {"mad": 43.925919102392584, "mse": 4431.4922979808125, "mape": 106.00322886019298, "kappa": 0.3134542585747583, "f1_micro": 0.25563932212494356, "f1_macro": 0.14549469495172865, "auc": NaN, "recall": 0.25563932212494356, "accuracy": 0.25563932212494356}, ">60": {"mad": 54.16169674091315, "mse": 5885.218975082824, "mape": 92.29170385091302, "kappa": 0.2261063157274399, "f1_micro": 0.18161091096242923, "f1_macro": 0.11898872039972844, "auc": NaN, "recall": 0.18161091096242923, "accuracy": 0.18161091096242923}, "remain": {"mad": 37.73545067532303, "mse": 2962.694285915429, "mape": 101.43446349522873, "kappa": 0.15591104649736287, "f1_micro": 0.16781989052979449, "f1_macro": 0.22727704654569278, "auc": NaN, "recall": 0.16781989052979449, "accuracy": 0.16781989052979449}}, "phys (reg-sm)": {"all": {"mad": 80.5078250051179, "mse": 17450.658845704424, "mape": 164.10252093784683, "kappa": 0.38556012898575576, "f1_micro": 0.16472388718520584, "f1_macro": 0.11981656877211296, "auc": NaN, "recall": 0.16472388718520584, "accuracy": 0.16472388718520584}, "windsor": {"mad": 53.96929807676723, "mse": 8479.812837637279, "mape": 184.35429756628835, "kappa": 0.2925305278066266, "f1_micro": 0.17011784103583724, "f1_macro": 0.11664319748493049, "auc": NaN, "recall": 0.17011784103583724, "accuracy": 0.17011784103583724}, ">60": {"mad": 62.542845523476196, "mse": 11037.306358942124, "mape": 150.4275092169584, "kappa": 0.22070629815968568, "f1_micro": 0.153484302624807, "f1_macro": 0.11281221752056433, "auc": NaN, "recall": 0.153484302624807, "accuracy": 0.153484302624807}, "remain": {"mad": 55.801893221433595, "mse": 12298.815983887285, "mape": 179.7082593793738, "kappa": 0.05174373778796726, "f1_micro": 0.11711246514509965, "f1_macro": 0.11505111528053422, "auc": NaN, "recall": 0.11711246514509965, "accuracy": 0.11711246514509965}}, "phys (reg-note-sm)": {"all": {"mad": 80.49493231946327, "mse": 16122.77909040731, "mape": 153.06269447762665, "kappa": 0.3766820230504966, "f1_micro": 0.1711823947588514, "f1_macro": 0.12708260297526244, "auc": NaN, "recall": 0.1711823947588514, "accuracy": 0.1711823947588514}, "windsor": {"mad": 53.22267254839962, "mse": 6562.323924643805, "mape": 170.9110336194396, "kappa": 0.28826458269890276, "f1_micro": 0.17980177041328294, "f1_macro": 0.12378903215419526, "auc": NaN, "recall": 0.17980177041328294, "accuracy": 0.17980177041328294}, ">60": {"mad": 62.18219781418433, "mse": 8416.187730361731, "mape": 140.08332705583038, "kappa": 0.22077065168330812, "f1_micro": 0.16349974266598044, "f1_macro": 0.12006127391625021, "auc": NaN, "recall": 0.16349974266598044, "accuracy": 0.16349974266598044}, "remain": {"mad": 53.654030345138665, "mse": 11517.001110089406, "mape": 166.05779400384958, "kappa": 0.07676199704802089, "f1_micro": 0.12888567592688216, "f1_macro": 0.09999641081876981, "auc": NaN, "recall": 0.12888567592688216, "accuracy": 0.12888567592688216}}, "lstm (note-reg)": {}, "lstm (reg)": {"all": {"mad": 79.2777945535687, "mse": 16889.20760547474, "mape": 81.09662176742381, "kappa": 0.37995192986489523, "f1_micro": 0.2015093943161323, "f1_macro": 0.13605182515042344, "auc": NaN, "recall": 0.2015093943161323, "accuracy": 0.2015093943161323}, "windsor": {"mad": 46.43928534089688, "mse": 4685.294247697375, "mape": 83.53682599556834, "kappa": 0.33164148826423256, "f1_micro": 0.24513561708118253, "f1_macro": 0.1441029733414689, "auc": NaN, "recall": 0.24513561708118253, "accuracy": 0.24513561708118253}, ">60": {"mad": 57.14364272419061, "mse": 6172.390915963088, "mape": 78.8953759839948, "kappa": 0.25243680855216366, "f1_micro": 0.16878042697785098, "f1_macro": 0.12465632159125697, "auc": NaN, "recall": 0.16878042697785098, "accuracy": 0.16878042697785098}, "remain": {"mad": 42.57755845134423, "mse": 3617.6769016148073, "mape": 102.64820083940747, "kappa": 0.20985932818763675, "f1_micro": 0.1710554034126817, "f1_macro": 0.2435799679460776, "auc": NaN, "recall": 0.1710554034126817, "accuracy": 0.1710554034126817}}}